total,user_bigger_meta_count,ratio
926,599,0.6468682505399568
1008,235,0.233135